SessionID,CustomerID,ProductID,SessionDate,TimeSpent,InteractionType,CartStatus
S_1,47,14,2024-09-21 13:56:13.264367,376,abandon_cart,active
S_2,77,36,2024-10-08 13:56:13.264377,405,purchase,abandoned
S_3,28,3,2024-09-19 13:56:13.264379,62,purchase,abandoned
S_4,7,35,2024-09-24 13:56:13.264380,414,click,active
S_5,64,28,2024-09-27 13:56:13.264382,77,add_to_cart,active
S_6,41,19,2024-09-30 13:56:13.264383,111,view,abandoned
S_7,93,39,2024-10-12 13:56:13.264385,399,view,active
S_8,76,9,2024-10-01 13:56:13.264388,81,click,active
S_9,88,7,2024-10-14 13:56:13.264390,310,purchase,active
S_10,76,27,2024-09-27 13:56:13.264392,294,add_to_cart,active
S_11,88,12,2024-10-06 13:56:13.264394,440,abandon_cart,abandoned
S_12,15,44,2024-09-22 13:56:13.264395,540,view,active
S_13,57,19,2024-09-30 13:56:13.264397,534,purchase,purchased
S_14,49,19,2024-10-03 13:56:13.264398,309,click,abandoned
S_15,78,12,2024-10-07 13:56:13.264400,460,abandon_cart,purchased
S_16,39,47,2024-10-07 13:56:13.264401,60,purchase,active
S_17,2,50,2024-10-07 13:56:13.264403,303,add_to_cart,purchased
S_18,43,42,2024-10-10 13:56:13.264405,175,view,abandoned
S_19,61,10,2024-10-05 13:56:13.264408,323,purchase,purchased
S_20,5,47,2024-09-26 13:56:13.264411,192,abandon_cart,active
S_21,3,6,2024-09-27 13:56:13.264413,66,abandon_cart,active
S_22,38,15,2024-10-03 13:56:13.264416,130,abandon_cart,purchased
S_23,38,43,2024-10-15 13:56:13.264419,593,view,active
S_24,84,39,2024-09-17 13:56:13.264421,157,abandon_cart,purchased
S_25,58,31,2024-09-16 13:56:13.264424,499,abandon_cart,active
S_26,53,43,2024-10-08 13:56:13.264426,378,add_to_cart,abandoned
S_27,5,5,2024-09-17 13:56:13.264429,134,add_to_cart,active
S_28,64,24,2024-09-25 13:56:13.264432,201,click,purchased
S_29,60,31,2024-09-25 13:56:13.264434,95,abandon_cart,purchased
S_30,68,34,2024-09-15 13:56:13.264437,260,abandon_cart,purchased
S_31,3,3,2024-09-29 13:56:13.264440,472,purchase,abandoned
S_32,66,20,2024-09-22 13:56:13.264443,305,add_to_cart,purchased
S_33,69,19,2024-09-29 13:56:13.264444,244,view,purchased
S_34,71,24,2024-10-02 13:56:13.264446,277,click,purchased
S_35,77,15,2024-09-28 13:56:13.264448,502,purchase,purchased
S_36,67,27,2024-10-07 13:56:13.264449,136,abandon_cart,abandoned
S_37,83,20,2024-09-24 13:56:13.264451,47,add_to_cart,active
S_38,19,8,2024-10-01 13:56:13.264452,520,click,purchased
S_39,20,4,2024-09-30 13:56:13.264454,377,view,active
S_40,84,35,2024-10-12 13:56:13.264455,205,abandon_cart,active
S_41,73,26,2024-09-28 13:56:13.264457,575,abandon_cart,purchased
S_42,79,1,2024-09-22 13:56:13.264458,404,abandon_cart,purchased
S_43,37,20,2024-09-28 13:56:13.264460,502,view,purchased
S_44,95,27,2024-09-16 13:56:13.264461,446,add_to_cart,abandoned
S_45,37,11,2024-10-02 13:56:13.264463,82,add_to_cart,purchased
S_46,4,24,2024-09-17 13:56:13.264464,168,add_to_cart,active
S_47,18,22,2024-09-16 13:56:13.264466,243,view,active
S_48,40,16,2024-09-27 13:56:13.264467,527,click,active
S_49,31,39,2024-09-25 13:56:13.264469,409,add_to_cart,abandoned
S_50,56,42,2024-09-23 13:56:13.264470,326,abandon_cart,abandoned
S_51,85,3,2024-10-14 13:56:13.264472,437,abandon_cart,active
S_52,33,11,2024-10-13 13:56:13.264473,142,view,purchased
S_53,25,42,2024-10-06 13:56:13.264475,258,add_to_cart,purchased
S_54,92,37,2024-09-25 13:56:13.264477,32,view,purchased
S_55,33,50,2024-09-18 13:56:13.264478,217,abandon_cart,abandoned
S_56,97,33,2024-09-23 13:56:13.264480,487,abandon_cart,active
S_57,97,33,2024-09-27 13:56:13.264481,441,add_to_cart,active
S_58,45,40,2024-09-22 13:56:13.264483,321,abandon_cart,purchased
S_59,82,4,2024-09-23 13:56:13.264484,79,purchase,active
S_60,4,6,2024-10-07 13:56:13.264486,81,purchase,purchased
S_61,15,2,2024-09-22 13:56:13.264487,521,abandon_cart,active
S_62,99,22,2024-10-11 13:56:13.264489,304,add_to_cart,active
S_63,44,15,2024-09-22 13:56:13.264490,523,add_to_cart,purchased
S_64,44,17,2024-10-12 13:56:13.264492,569,add_to_cart,abandoned
S_65,80,11,2024-09-23 13:56:13.264493,517,add_to_cart,active
S_66,96,22,2024-10-01 13:56:13.264495,298,add_to_cart,abandoned
S_67,38,49,2024-10-02 13:56:13.264497,270,abandon_cart,purchased
S_68,29,8,2024-09-22 13:56:13.264498,311,view,purchased
S_69,68,38,2024-10-09 13:56:13.264500,374,click,purchased
S_70,53,37,2024-09-19 13:56:13.264501,451,purchase,abandoned
S_71,89,40,2024-10-06 13:56:13.264503,421,view,active
S_72,16,15,2024-10-07 13:56:13.264504,252,abandon_cart,purchased
S_73,87,7,2024-10-10 13:56:13.264505,578,add_to_cart,abandoned
S_74,25,4,2024-09-24 13:56:13.264507,354,purchase,abandoned
S_75,39,29,2024-10-06 13:56:13.264508,173,click,active
S_76,54,46,2024-10-06 13:56:13.264510,100,add_to_cart,abandoned
S_77,34,46,2024-09-17 13:56:13.264511,233,abandon_cart,abandoned
S_78,21,15,2024-10-10 13:56:13.264513,226,purchase,purchased
S_79,85,34,2024-09-16 13:56:13.264515,430,purchase,active
S_80,2,49,2024-09-25 13:56:13.264516,506,add_to_cart,active
S_81,84,43,2024-09-22 13:56:13.264518,396,add_to_cart,purchased
S_82,95,36,2024-09-20 13:56:13.264519,269,view,purchased
S_83,45,26,2024-10-12 13:56:13.264521,90,click,active
S_84,38,12,2024-10-06 13:56:13.264522,61,abandon_cart,abandoned
S_85,31,37,2024-10-02 13:56:13.264524,492,add_to_cart,abandoned
S_86,60,37,2024-09-24 13:56:13.264525,131,click,active
S_87,5,33,2024-10-11 13:56:13.264527,587,abandon_cart,abandoned
S_88,78,39,2024-09-21 13:56:13.264528,501,add_to_cart,active
S_89,86,40,2024-10-06 13:56:13.264529,218,add_to_cart,active
S_90,58,21,2024-09-15 13:56:13.264531,508,abandon_cart,purchased
S_91,21,32,2024-10-06 13:56:13.264532,39,click,active
S_92,39,20,2024-09-19 13:56:13.264534,99,click,active
S_93,70,38,2024-10-10 13:56:13.264536,595,purchase,purchased
S_94,21,36,2024-09-21 13:56:13.264538,463,purchase,purchased
S_95,24,13,2024-09-17 13:56:13.264539,464,add_to_cart,active
S_96,93,26,2024-09-22 13:56:13.264541,558,purchase,abandoned
S_97,62,35,2024-10-08 13:56:13.264542,242,click,abandoned
S_98,67,26,2024-10-04 13:56:13.264544,576,click,abandoned
S_99,70,18,2024-10-07 13:56:13.264545,460,purchase,active
S_100,73,23,2024-10-12 13:56:13.264547,104,purchase,purchased
S_101,63,31,2024-09-19 13:56:13.264548,459,add_to_cart,purchased
S_102,28,27,2024-10-04 13:56:13.264550,289,purchase,abandoned
S_103,87,17,2024-10-12 13:56:13.264551,466,view,abandoned
S_104,5,32,2024-10-12 13:56:13.264553,335,view,abandoned
S_105,25,21,2024-09-30 13:56:13.264554,316,view,abandoned
S_106,60,41,2024-10-12 13:56:13.264556,497,add_to_cart,purchased
S_107,30,14,2024-09-22 13:56:13.264558,282,view,abandoned
S_108,74,40,2024-10-04 13:56:13.264559,212,purchase,purchased
S_109,2,39,2024-10-03 13:56:13.264561,488,click,purchased
S_110,29,36,2024-10-03 13:56:13.264562,408,abandon_cart,abandoned
S_111,99,28,2024-09-22 13:56:13.264564,577,purchase,abandoned
S_112,90,32,2024-09-17 13:56:13.264565,357,abandon_cart,abandoned
S_113,54,18,2024-10-04 13:56:13.264567,295,abandon_cart,active
S_114,47,40,2024-09-30 13:56:13.264568,270,view,purchased
S_115,20,44,2024-09-26 13:56:13.264570,210,click,purchased
S_116,83,20,2024-10-01 13:56:13.264571,304,purchase,abandoned
S_117,56,50,2024-09-29 13:56:13.264573,280,view,abandoned
S_118,49,20,2024-10-13 13:56:13.264574,151,click,abandoned
S_119,71,26,2024-09-27 13:56:13.264576,576,click,active
S_120,66,18,2024-09-25 13:56:13.264577,451,click,abandoned
S_121,16,26,2024-10-02 13:56:13.264579,433,purchase,active
S_122,4,37,2024-09-20 13:56:13.264580,251,purchase,active
S_123,43,5,2024-10-10 13:56:13.264582,300,abandon_cart,purchased
S_124,11,42,2024-10-07 13:56:13.264583,488,purchase,purchased
S_125,77,36,2024-10-13 13:56:13.264585,569,abandon_cart,purchased
S_126,39,32,2024-09-17 13:56:13.264586,312,add_to_cart,active
S_127,87,13,2024-10-12 13:56:13.264588,401,abandon_cart,active
S_128,90,35,2024-10-12 13:56:13.264589,230,click,purchased
S_129,40,18,2024-09-15 13:56:13.264591,544,abandon_cart,active
S_130,29,13,2024-09-17 13:56:13.264593,469,purchase,abandoned
S_131,18,34,2024-09-24 13:56:13.264594,197,purchase,purchased
S_132,48,6,2024-09-15 13:56:13.264596,450,purchase,active
S_133,40,32,2024-09-24 13:56:13.264597,382,click,abandoned
S_134,49,9,2024-10-01 13:56:13.264599,306,purchase,abandoned
S_135,55,32,2024-09-15 13:56:13.264600,554,view,active
S_136,2,28,2024-10-13 13:56:13.264602,598,abandon_cart,abandoned
S_137,42,15,2024-10-08 13:56:13.264603,104,purchase,abandoned
S_138,90,44,2024-09-30 13:56:13.264605,254,view,abandoned
S_139,69,33,2024-10-13 13:56:13.264606,562,click,purchased
S_140,48,46,2024-09-17 13:56:13.264608,83,purchase,purchased
S_141,2,11,2024-10-15 13:56:13.264609,558,click,purchased
S_142,75,30,2024-10-09 13:56:13.264611,342,add_to_cart,active
S_143,20,33,2024-09-28 13:56:13.264612,342,view,abandoned
S_144,63,15,2024-10-12 13:56:13.264614,378,add_to_cart,abandoned
S_145,43,12,2024-09-30 13:56:13.264616,557,add_to_cart,abandoned
S_146,64,50,2024-10-06 13:56:13.264617,485,abandon_cart,abandoned
S_147,86,38,2024-10-07 13:56:13.264619,70,abandon_cart,active
S_148,92,28,2024-09-24 13:56:13.264620,443,abandon_cart,active
S_149,6,1,2024-09-20 13:56:13.264622,282,view,abandoned
S_150,22,30,2024-09-15 13:56:13.264623,251,purchase,active
S_151,92,30,2024-10-04 13:56:13.264625,516,add_to_cart,active
S_152,14,5,2024-10-14 13:56:13.264626,236,purchase,purchased
S_153,13,47,2024-09-21 13:56:13.264628,179,abandon_cart,purchased
S_154,11,3,2024-10-01 13:56:13.264630,309,add_to_cart,purchased
S_155,80,42,2024-09-21 13:56:13.264631,389,purchase,purchased
S_156,55,26,2024-09-22 13:56:13.264633,281,click,purchased
S_157,86,35,2024-09-29 13:56:13.264634,87,abandon_cart,purchased
S_158,85,50,2024-10-07 13:56:13.264636,93,view,abandoned
S_159,61,3,2024-10-04 13:56:13.264637,200,click,purchased
S_160,57,17,2024-09-23 13:56:13.264638,511,abandon_cart,purchased
S_161,100,43,2024-09-16 13:56:13.264640,558,abandon_cart,active
S_162,8,47,2024-09-25 13:56:13.264641,504,click,abandoned
S_163,18,9,2024-09-26 13:56:13.264643,211,view,purchased
S_164,16,32,2024-10-12 13:56:13.264645,515,click,purchased
S_165,12,12,2024-09-26 13:56:13.264646,216,view,abandoned
S_166,78,18,2024-10-11 13:56:13.264648,372,add_to_cart,active
S_167,78,39,2024-10-01 13:56:13.264649,339,add_to_cart,abandoned
S_168,49,15,2024-09-26 13:56:13.264651,48,purchase,abandoned
S_169,58,49,2024-10-03 13:56:13.264652,299,view,abandoned
S_170,74,46,2024-10-09 13:56:13.264654,366,add_to_cart,abandoned
S_171,41,39,2024-10-10 13:56:13.264655,268,abandon_cart,active
S_172,34,20,2024-09-20 13:56:13.264656,496,view,purchased
S_173,72,36,2024-10-10 13:56:13.264658,422,purchase,abandoned
S_174,79,38,2024-09-21 13:56:13.264660,434,view,abandoned
S_175,56,10,2024-10-10 13:56:13.264661,184,view,active
S_176,15,18,2024-09-27 13:56:13.264663,217,purchase,purchased
S_177,10,44,2024-09-22 13:56:13.264664,213,abandon_cart,abandoned
S_178,88,38,2024-09-28 13:56:13.264666,250,abandon_cart,purchased
S_179,97,26,2024-10-01 13:56:13.264667,164,purchase,abandoned
S_180,97,8,2024-09-26 13:56:13.264669,366,purchase,purchased
S_181,54,24,2024-10-10 13:56:13.264670,493,add_to_cart,abandoned
S_182,8,7,2024-09-15 13:56:13.264672,421,click,active
S_183,78,27,2024-10-10 13:56:13.264673,572,view,purchased
S_184,51,1,2024-10-05 13:56:13.264675,376,purchase,active
S_185,55,16,2024-09-18 13:56:13.264676,373,click,active
S_186,93,11,2024-10-03 13:56:13.264678,395,click,abandoned
S_187,35,16,2024-10-12 13:56:13.264679,300,view,purchased
S_188,54,45,2024-09-21 13:56:13.264681,104,click,active
S_189,64,48,2024-09-19 13:56:13.264682,351,abandon_cart,active
S_190,65,19,2024-10-08 13:56:13.264684,595,purchase,abandoned
S_191,62,29,2024-10-12 13:56:13.264685,84,abandon_cart,active
S_192,16,38,2024-09-27 13:56:13.264687,327,click,active
S_193,56,31,2024-09-28 13:56:13.264688,214,view,abandoned
S_194,58,29,2024-10-03 13:56:13.264690,542,abandon_cart,purchased
S_195,39,47,2024-09-23 13:56:13.264692,496,abandon_cart,purchased
S_196,25,27,2024-10-13 13:56:13.264693,585,click,abandoned
S_197,49,5,2024-09-22 13:56:13.264695,136,abandon_cart,active
S_198,29,8,2024-10-02 13:56:13.264696,116,purchase,abandoned
S_199,34,32,2024-10-05 13:56:13.264698,486,add_to_cart,purchased
S_200,46,10,2024-10-01 13:56:13.264699,56,add_to_cart,purchased
S_201,1,14,2024-09-27 13:56:13.264701,189,add_to_cart,abandoned
S_202,43,14,2024-09-30 13:56:13.264703,431,view,purchased
S_203,82,34,2024-10-08 13:56:13.264704,393,purchase,purchased
S_204,1,18,2024-09-28 13:56:13.264706,69,abandon_cart,purchased
S_205,55,15,2024-10-03 13:56:13.264707,35,click,abandoned
S_206,96,45,2024-09-20 13:56:13.264709,301,add_to_cart,active
S_207,62,47,2024-09-22 13:56:13.264710,393,abandon_cart,active
S_208,33,29,2024-10-05 13:56:13.264712,397,add_to_cart,purchased
S_209,83,35,2024-09-30 13:56:13.264713,462,view,purchased
S_210,48,18,2024-10-02 13:56:13.264715,112,purchase,purchased
S_211,24,5,2024-10-04 13:56:13.264716,154,add_to_cart,active
S_212,19,37,2024-09-20 13:56:13.264717,280,click,active
S_213,65,8,2024-10-04 13:56:13.264719,600,purchase,abandoned
S_214,34,14,2024-10-07 13:56:13.264721,479,click,purchased
S_215,13,29,2024-10-14 13:56:13.264722,470,abandon_cart,purchased
S_216,37,13,2024-09-24 13:56:13.264724,89,view,purchased
S_217,1,30,2024-10-02 13:56:13.264725,374,purchase,purchased
S_218,17,23,2024-10-01 13:56:13.264727,190,click,abandoned
S_219,9,23,2024-09-25 13:56:13.264728,154,view,purchased
S_220,73,19,2024-09-23 13:56:13.264729,285,add_to_cart,abandoned
S_221,13,16,2024-10-03 13:56:13.264731,200,abandon_cart,active
S_222,37,27,2024-10-10 13:56:13.264732,476,view,active
S_223,70,2,2024-10-10 13:56:13.264734,530,add_to_cart,purchased
S_224,60,2,2024-09-22 13:56:13.264735,256,add_to_cart,abandoned
S_225,14,29,2024-10-05 13:56:13.264737,223,add_to_cart,active
S_226,92,13,2024-10-08 13:56:13.264738,297,purchase,abandoned
S_227,53,5,2024-10-05 13:56:13.264740,337,purchase,abandoned
S_228,44,36,2024-10-05 13:56:13.264741,275,click,abandoned
S_229,80,3,2024-10-09 13:56:13.264743,552,add_to_cart,purchased
S_230,51,2,2024-09-20 13:56:13.264744,400,click,purchased
S_231,66,9,2024-10-03 13:56:13.264746,300,abandon_cart,active
S_232,9,16,2024-10-07 13:56:13.264747,277,abandon_cart,purchased
S_233,39,47,2024-09-27 13:56:13.264749,159,click,purchased
S_234,18,50,2024-09-25 13:56:13.264751,95,click,abandoned
S_235,99,35,2024-09-20 13:56:13.264753,204,click,purchased
S_236,57,22,2024-10-07 13:56:13.264755,201,click,active
S_237,1,12,2024-09-21 13:56:13.264757,411,click,abandoned
S_238,53,21,2024-10-14 13:56:13.264760,521,abandon_cart,abandoned
S_239,43,16,2024-10-09 13:56:13.264763,344,add_to_cart,purchased
S_240,2,27,2024-10-07 13:56:13.264765,205,add_to_cart,active
S_241,91,9,2024-09-19 13:56:13.264769,223,add_to_cart,active
S_242,40,47,2024-09-23 13:56:13.264772,281,abandon_cart,active
S_243,97,47,2024-10-12 13:56:13.264775,405,click,abandoned
S_244,94,49,2024-10-07 13:56:13.264777,365,purchase,purchased
S_245,73,14,2024-10-15 13:56:13.264779,100,purchase,active
S_246,40,44,2024-09-23 13:56:13.264780,194,purchase,abandoned
S_247,50,45,2024-09-26 13:56:13.264782,194,add_to_cart,active
S_248,29,47,2024-09-28 13:56:13.264783,549,purchase,abandoned
S_249,2,23,2024-10-13 13:56:13.264785,244,add_to_cart,purchased
S_250,46,17,2024-10-03 13:56:13.264786,183,view,purchased
S_251,92,41,2024-10-05 13:56:13.264788,145,abandon_cart,abandoned
S_252,56,12,2024-10-14 13:56:13.264789,598,add_to_cart,purchased
S_253,41,14,2024-10-09 13:56:13.264791,176,abandon_cart,purchased
S_254,66,41,2024-10-15 13:56:13.264792,555,add_to_cart,active
S_255,18,38,2024-10-07 13:56:13.264794,578,add_to_cart,purchased
S_256,44,10,2024-09-20 13:56:13.264795,123,view,purchased
S_257,75,49,2024-10-08 13:56:13.264797,77,view,purchased
S_258,53,46,2024-09-20 13:56:13.264798,143,purchase,purchased
S_259,100,42,2024-10-11 13:56:13.264800,188,abandon_cart,abandoned
S_260,55,35,2024-09-18 13:56:13.264801,355,purchase,purchased
S_261,23,24,2024-10-02 13:56:13.264803,593,add_to_cart,purchased
S_262,58,28,2024-10-06 13:56:13.264804,427,click,abandoned
S_263,74,5,2024-10-04 13:56:13.264806,326,purchase,abandoned
S_264,85,19,2024-10-09 13:56:13.264807,411,purchase,active
S_265,22,4,2024-10-06 13:56:13.264809,480,view,purchased
S_266,6,22,2024-09-17 13:56:13.264810,195,click,abandoned
S_267,40,48,2024-10-10 13:56:13.264812,130,abandon_cart,abandoned
S_268,89,27,2024-10-02 13:56:13.264813,47,abandon_cart,active
S_269,95,28,2024-10-12 13:56:13.264815,502,add_to_cart,active
S_270,92,5,2024-10-04 13:56:13.264816,369,click,active
S_271,53,3,2024-10-11 13:56:13.264818,405,view,purchased
S_272,1,37,2024-10-14 13:56:13.264819,321,abandon_cart,purchased
S_273,31,42,2024-10-05 13:56:13.264821,356,abandon_cart,abandoned
S_274,94,23,2024-09-28 13:56:13.264822,547,click,active
S_275,97,19,2024-09-26 13:56:13.264824,267,view,active
S_276,61,47,2024-10-13 13:56:13.264825,270,abandon_cart,abandoned
S_277,80,7,2024-09-15 13:56:13.264827,221,click,active
S_278,91,20,2024-09-30 13:56:13.264828,544,purchase,active
S_279,15,37,2024-10-08 13:56:13.264830,65,view,active
S_280,46,20,2024-09-18 13:56:13.264831,176,add_to_cart,active
S_281,74,1,2024-10-15 13:56:13.264833,435,abandon_cart,purchased
S_282,50,15,2024-10-07 13:56:13.264834,202,abandon_cart,active
S_283,18,44,2024-10-11 13:56:13.264836,182,purchase,abandoned
S_284,62,36,2024-10-01 13:56:13.264837,65,purchase,abandoned
S_285,96,31,2024-10-04 13:56:13.264839,502,add_to_cart,active
S_286,56,25,2024-10-05 13:56:13.264840,311,add_to_cart,purchased
S_287,55,37,2024-10-02 13:56:13.264842,587,purchase,active
S_288,50,50,2024-09-27 13:56:13.264843,38,abandon_cart,active
S_289,24,8,2024-10-04 13:56:13.264845,468,abandon_cart,active
S_290,48,35,2024-09-16 13:56:13.264846,92,click,abandoned
S_291,91,21,2024-09-24 13:56:13.264848,377,abandon_cart,abandoned
S_292,37,32,2024-09-22 13:56:13.264849,471,view,active
S_293,28,17,2024-09-25 13:56:13.264851,194,abandon_cart,abandoned
S_294,84,8,2024-09-18 13:56:13.264853,263,add_to_cart,abandoned
S_295,53,29,2024-10-07 13:56:13.264854,593,click,abandoned
S_296,61,33,2024-10-02 13:56:13.264856,379,view,active
S_297,52,28,2024-09-15 13:56:13.264857,432,add_to_cart,abandoned
S_298,45,45,2024-10-08 13:56:13.264859,178,abandon_cart,purchased
S_299,58,31,2024-10-13 13:56:13.264860,53,add_to_cart,active
S_300,41,42,2024-09-24 13:56:13.264862,114,add_to_cart,purchased
S_301,67,10,2024-09-28 13:56:13.264863,590,abandon_cart,active
S_302,75,39,2024-09-23 13:56:13.264865,422,abandon_cart,abandoned
S_303,20,40,2024-09-23 13:56:13.264866,207,click,abandoned
S_304,39,47,2024-09-24 13:56:13.264868,350,purchase,purchased
S_305,4,14,2024-09-15 13:56:13.264869,500,add_to_cart,active
S_306,24,23,2024-09-26 13:56:13.264871,419,click,abandoned
S_307,86,14,2024-09-28 13:56:13.264872,120,abandon_cart,abandoned
S_308,14,19,2024-10-12 13:56:13.264874,119,view,purchased
S_309,37,6,2024-10-10 13:56:13.264876,492,abandon_cart,active
S_310,74,23,2024-09-21 13:56:13.264877,514,click,active
S_311,10,43,2024-10-11 13:56:13.264879,188,purchase,abandoned
S_312,66,31,2024-09-15 13:56:13.264881,265,click,purchased
S_313,14,48,2024-09-30 13:56:13.264882,442,abandon_cart,purchased
S_314,23,26,2024-09-26 13:56:13.264884,569,view,abandoned
S_315,64,29,2024-09-22 13:56:13.264885,531,view,abandoned
S_316,61,27,2024-09-17 13:56:13.264887,509,view,purchased
S_317,77,24,2024-10-01 13:56:13.264888,346,abandon_cart,abandoned
S_318,28,20,2024-10-05 13:56:13.264890,154,view,purchased
S_319,3,47,2024-09-21 13:56:13.264891,482,click,abandoned
S_320,90,21,2024-10-09 13:56:13.264893,572,purchase,purchased
S_321,68,21,2024-09-20 13:56:13.264894,398,purchase,purchased
S_322,79,16,2024-10-11 13:56:13.264896,453,purchase,purchased
S_323,8,29,2024-09-26 13:56:13.264897,403,abandon_cart,active
S_324,94,11,2024-09-29 13:56:13.264899,197,abandon_cart,purchased
S_325,34,38,2024-10-06 13:56:13.264900,168,abandon_cart,abandoned
S_326,75,29,2024-09-17 13:56:13.264902,341,click,purchased
S_327,27,26,2024-09-28 13:56:13.264903,341,purchase,purchased
S_328,95,2,2024-10-03 13:56:13.264905,465,view,active
S_329,4,22,2024-10-14 13:56:13.264906,590,purchase,abandoned
S_330,99,39,2024-09-20 13:56:13.264908,388,view,abandoned
S_331,46,50,2024-09-20 13:56:13.264909,316,view,abandoned
S_332,12,6,2024-09-22 13:56:13.264911,320,purchase,purchased
S_333,70,50,2024-09-21 13:56:13.264912,471,abandon_cart,purchased
S_334,12,43,2024-10-03 13:56:13.264914,309,add_to_cart,abandoned
S_335,23,19,2024-10-13 13:56:13.264915,86,abandon_cart,purchased
S_336,94,5,2024-09-19 13:56:13.264917,387,abandon_cart,active
S_337,82,29,2024-09-17 13:56:13.264918,234,purchase,purchased
S_338,21,11,2024-10-12 13:56:13.264920,385,add_to_cart,active
S_339,56,37,2024-10-10 13:56:13.264921,459,click,abandoned
S_340,98,2,2024-10-02 13:56:13.264923,542,view,purchased
S_341,42,46,2024-10-14 13:56:13.264924,468,view,purchased
S_342,57,28,2024-10-10 13:56:13.264926,64,abandon_cart,purchased
S_343,2,3,2024-10-07 13:56:13.264927,562,click,active
S_344,65,19,2024-09-16 13:56:13.264929,596,abandon_cart,abandoned
S_345,6,25,2024-09-21 13:56:13.264930,411,view,active
S_346,32,28,2024-09-30 13:56:13.264932,151,purchase,active
S_347,55,9,2024-09-17 13:56:13.264934,466,purchase,abandoned
S_348,2,50,2024-10-13 13:56:13.264935,388,purchase,active
S_349,100,30,2024-10-13 13:56:13.264937,567,view,purchased
S_350,17,36,2024-09-17 13:56:13.264938,377,click,active
S_351,76,14,2024-10-13 13:56:13.264940,442,view,purchased
S_352,60,30,2024-10-15 13:56:13.264941,91,add_to_cart,active
S_353,35,15,2024-09-23 13:56:13.264943,42,purchase,active
S_354,93,8,2024-09-21 13:56:13.264944,594,add_to_cart,abandoned
S_355,95,50,2024-09-29 13:56:13.264946,383,abandon_cart,active
S_356,95,44,2024-10-07 13:56:13.264948,363,add_to_cart,abandoned
S_357,32,40,2024-10-10 13:56:13.264949,293,view,abandoned
S_358,80,1,2024-09-21 13:56:13.264951,167,purchase,abandoned
S_359,20,50,2024-09-24 13:56:13.264952,53,add_to_cart,purchased
S_360,72,4,2024-10-01 13:56:13.264954,207,add_to_cart,abandoned
S_361,44,24,2024-09-22 13:56:13.264955,342,purchase,active
S_362,8,12,2024-09-16 13:56:13.264957,509,abandon_cart,abandoned
S_363,24,18,2024-10-06 13:56:13.264958,448,abandon_cart,abandoned
S_364,69,10,2024-09-19 13:56:13.264960,72,purchase,purchased
S_365,86,49,2024-10-05 13:56:13.264961,491,add_to_cart,purchased
S_366,32,44,2024-10-08 13:56:13.264963,364,view,purchased
S_367,41,22,2024-09-24 13:56:13.264964,149,add_to_cart,active
S_368,49,33,2024-10-14 13:56:13.264966,549,view,purchased
S_369,50,35,2024-10-04 13:56:13.264967,97,click,purchased
S_370,72,2,2024-10-10 13:56:13.264969,268,click,active
S_371,86,1,2024-09-28 13:56:13.264970,332,add_to_cart,purchased
S_372,84,43,2024-10-14 13:56:13.264972,239,purchase,purchased
S_373,99,15,2024-09-24 13:56:13.264973,396,purchase,active
S_374,98,49,2024-10-05 13:56:13.264975,580,purchase,active
S_375,3,6,2024-10-10 13:56:13.264976,199,purchase,abandoned
S_376,34,1,2024-10-07 13:56:13.264978,395,purchase,purchased
S_377,20,39,2024-09-22 13:56:13.264979,254,view,active
S_378,11,42,2024-09-17 13:56:13.264981,160,abandon_cart,active
S_379,98,50,2024-09-22 13:56:13.264982,129,click,abandoned
S_380,92,48,2024-09-20 13:56:13.264984,167,click,purchased
S_381,12,7,2024-10-02 13:56:13.264985,584,abandon_cart,active
S_382,52,27,2024-10-13 13:56:13.264987,213,click,purchased
S_383,77,39,2024-10-07 13:56:13.264988,258,add_to_cart,abandoned
S_384,81,34,2024-10-07 13:56:13.264990,428,view,abandoned
S_385,68,24,2024-09-30 13:56:13.264991,120,abandon_cart,purchased
S_386,18,37,2024-10-07 13:56:13.264993,429,purchase,abandoned
S_387,56,45,2024-09-29 13:56:13.264994,497,add_to_cart,purchased
S_388,10,21,2024-10-12 13:56:13.264996,117,view,purchased
S_389,99,40,2024-09-27 13:56:13.264997,263,add_to_cart,abandoned
S_390,79,16,2024-09-28 13:56:13.264999,118,click,purchased
S_391,5,27,2024-10-06 13:56:13.265000,480,abandon_cart,abandoned
S_392,21,31,2024-09-22 13:56:13.265002,190,add_to_cart,abandoned
S_393,11,16,2024-09-18 13:56:13.265003,208,purchase,abandoned
S_394,12,46,2024-09-28 13:56:13.265006,585,abandon_cart,abandoned
S_395,15,1,2024-09-15 13:56:13.265008,261,click,purchased
S_396,98,46,2024-10-09 13:56:13.265009,428,click,purchased
S_397,30,27,2024-10-02 13:56:13.265011,350,view,active
S_398,2,38,2024-10-13 13:56:13.265012,545,add_to_cart,active
S_399,100,31,2024-09-24 13:56:13.265014,446,view,purchased
S_400,22,32,2024-10-03 13:56:13.265015,432,abandon_cart,purchased
S_401,89,47,2024-09-29 13:56:13.265017,83,click,active
S_402,94,44,2024-09-28 13:56:13.265019,578,add_to_cart,abandoned
S_403,67,1,2024-09-29 13:56:13.265020,307,abandon_cart,active
S_404,54,10,2024-09-29 13:56:13.265022,570,click,abandoned
S_405,8,11,2024-10-13 13:56:13.265024,271,purchase,abandoned
S_406,81,12,2024-10-13 13:56:13.265025,363,view,active
S_407,86,2,2024-09-26 13:56:13.265026,534,purchase,abandoned
S_408,79,28,2024-09-16 13:56:13.265028,483,purchase,abandoned
S_409,94,5,2024-10-06 13:56:13.265030,442,purchase,purchased
S_410,82,26,2024-10-07 13:56:13.265031,304,abandon_cart,active
S_411,82,1,2024-10-03 13:56:13.265033,406,abandon_cart,purchased
S_412,35,22,2024-09-17 13:56:13.265034,343,purchase,active
S_413,64,8,2024-09-15 13:56:13.265036,67,click,abandoned
S_414,1,18,2024-09-29 13:56:13.265037,78,view,active
S_415,3,39,2024-09-22 13:56:13.265039,293,purchase,active
S_416,55,3,2024-09-21 13:56:13.265040,130,add_to_cart,abandoned
S_417,36,40,2024-10-15 13:56:13.265042,369,click,abandoned
S_418,86,45,2024-10-01 13:56:13.265043,306,click,abandoned
S_419,71,29,2024-10-02 13:56:13.265045,126,click,purchased
S_420,46,43,2024-09-30 13:56:13.265046,259,click,active
S_421,49,2,2024-10-12 13:56:13.265048,77,abandon_cart,abandoned
S_422,100,6,2024-10-13 13:56:13.265049,503,add_to_cart,active
S_423,76,1,2024-10-09 13:56:13.265051,413,add_to_cart,purchased
S_424,96,10,2024-10-09 13:56:13.265052,94,abandon_cart,abandoned
S_425,66,41,2024-09-21 13:56:13.265054,252,add_to_cart,abandoned
S_426,8,48,2024-09-17 13:56:13.265055,119,add_to_cart,active
S_427,67,10,2024-10-04 13:56:13.265057,332,purchase,active
S_428,12,47,2024-10-07 13:56:13.265058,407,abandon_cart,purchased
S_429,43,4,2024-09-17 13:56:13.265060,494,abandon_cart,abandoned
S_430,12,43,2024-09-24 13:56:13.265061,298,click,active
S_431,84,42,2024-10-04 13:56:13.265063,589,abandon_cart,abandoned
S_432,76,41,2024-10-02 13:56:13.265064,570,purchase,abandoned
S_433,20,22,2024-09-28 13:56:13.265066,222,view,active
S_434,41,14,2024-09-27 13:56:13.265068,199,view,purchased
S_435,99,49,2024-09-22 13:56:13.265069,84,add_to_cart,abandoned
S_436,2,48,2024-09-23 13:56:13.265071,487,add_to_cart,purchased
S_437,2,12,2024-09-27 13:56:13.265072,440,view,purchased
S_438,80,3,2024-10-06 13:56:13.265074,187,purchase,active
S_439,18,45,2024-10-11 13:56:13.265075,270,purchase,purchased
S_440,13,24,2024-09-19 13:56:13.265077,215,view,abandoned
S_441,76,36,2024-10-15 13:56:13.265078,523,add_to_cart,purchased
S_442,27,2,2024-10-04 13:56:13.265080,595,abandon_cart,active
S_443,70,27,2024-10-06 13:56:13.265081,500,click,abandoned
S_444,52,8,2024-10-12 13:56:13.265083,577,abandon_cart,abandoned
S_445,85,26,2024-09-21 13:56:13.265084,421,purchase,active
S_446,35,7,2024-10-12 13:56:13.265086,483,view,abandoned
S_447,19,37,2024-09-22 13:56:13.265087,263,purchase,active
S_448,68,27,2024-10-15 13:56:13.265089,39,add_to_cart,purchased
S_449,47,17,2024-09-18 13:56:13.265090,303,purchase,purchased
S_450,22,23,2024-09-18 13:56:13.265092,362,click,abandoned
S_451,3,44,2024-09-26 13:56:13.265093,595,view,purchased
S_452,84,10,2024-10-14 13:56:13.265095,115,view,active
S_453,21,33,2024-09-28 13:56:13.265096,134,view,active
S_454,20,44,2024-09-29 13:56:13.265098,474,view,purchased
S_455,41,16,2024-09-29 13:56:13.265100,527,click,purchased
S_456,46,44,2024-10-01 13:56:13.265101,279,click,active
S_457,90,24,2024-09-27 13:56:13.265103,325,purchase,active
S_458,31,5,2024-09-28 13:56:13.265105,510,click,purchased
S_459,82,14,2024-09-16 13:56:13.265106,154,abandon_cart,purchased
S_460,34,19,2024-09-25 13:56:13.265108,50,abandon_cart,abandoned
S_461,5,22,2024-10-12 13:56:13.265109,413,purchase,active
S_462,82,3,2024-09-28 13:56:13.265111,438,abandon_cart,active
S_463,10,19,2024-10-06 13:56:13.265113,162,add_to_cart,active
S_464,23,24,2024-09-25 13:56:13.265115,443,view,purchased
S_465,19,29,2024-10-15 13:56:13.265116,388,view,purchased
S_466,78,23,2024-09-19 13:56:13.265117,473,abandon_cart,active
S_467,23,19,2024-10-09 13:56:13.265119,247,click,abandoned
S_468,43,20,2024-09-16 13:56:13.265120,173,abandon_cart,purchased
S_469,63,29,2024-10-02 13:56:13.265122,378,view,active
S_470,85,45,2024-10-05 13:56:13.265124,537,view,abandoned
S_471,43,31,2024-10-15 13:56:13.265125,175,add_to_cart,abandoned
S_472,44,17,2024-09-20 13:56:13.265126,188,purchase,active
S_473,23,48,2024-09-22 13:56:13.265128,334,view,purchased
S_474,70,32,2024-09-24 13:56:13.265130,581,purchase,abandoned
S_475,11,13,2024-10-13 13:56:13.265131,270,purchase,purchased
S_476,18,26,2024-09-15 13:56:13.265133,247,purchase,abandoned
S_477,64,36,2024-09-16 13:56:13.265134,319,view,abandoned
S_478,79,27,2024-10-06 13:56:13.265136,333,purchase,active
S_479,9,8,2024-10-01 13:56:13.265137,501,view,abandoned
S_480,3,28,2024-09-20 13:56:13.265139,122,click,purchased
S_481,52,30,2024-09-30 13:56:13.265140,175,add_to_cart,abandoned
S_482,90,29,2024-09-17 13:56:13.265142,304,view,purchased
S_483,30,1,2024-09-20 13:56:13.265143,265,click,active
S_484,60,32,2024-09-20 13:56:13.265145,462,click,abandoned
S_485,4,43,2024-09-28 13:56:13.265146,512,view,abandoned
S_486,9,28,2024-10-03 13:56:13.265148,186,click,purchased
S_487,12,38,2024-10-04 13:56:13.265149,69,click,purchased
S_488,32,33,2024-09-30 13:56:13.265151,292,abandon_cart,active
S_489,15,29,2024-09-19 13:56:13.265152,41,add_to_cart,active
S_490,58,10,2024-09-22 13:56:13.265154,332,click,active
S_491,10,2,2024-09-28 13:56:13.265155,566,abandon_cart,purchased
S_492,20,48,2024-09-27 13:56:13.265157,506,purchase,abandoned
S_493,81,25,2024-09-29 13:56:13.265159,344,abandon_cart,purchased
S_494,92,27,2024-09-20 13:56:13.265160,516,view,purchased
S_495,84,41,2024-09-17 13:56:13.265162,324,click,abandoned
S_496,15,36,2024-10-06 13:56:13.265163,567,add_to_cart,purchased
S_497,8,49,2024-10-15 13:56:13.265165,154,add_to_cart,purchased
S_498,15,16,2024-10-12 13:56:13.265166,211,click,active
S_499,72,15,2024-10-12 13:56:13.265168,535,click,active
S_500,2,30,2024-09-16 13:56:13.265169,538,view,purchased
S_501,11,2,2024-09-24 13:56:13.265171,394,view,purchased
S_502,1,5,2024-09-27 13:56:13.265172,348,view,abandoned
S_503,66,41,2024-09-23 13:56:13.265174,579,view,purchased
S_504,85,11,2024-10-02 13:56:13.265175,162,view,active
S_505,40,37,2024-09-21 13:56:13.265177,220,view,purchased
S_506,42,46,2024-10-06 13:56:13.265178,236,add_to_cart,purchased
S_507,33,13,2024-10-10 13:56:13.265180,96,abandon_cart,purchased
S_508,60,41,2024-09-28 13:56:13.265181,487,abandon_cart,abandoned
S_509,81,35,2024-10-07 13:56:13.265183,131,abandon_cart,active
S_510,49,3,2024-09-25 13:56:13.265185,511,click,active
S_511,92,46,2024-10-02 13:56:13.265186,477,abandon_cart,active
S_512,12,19,2024-09-30 13:56:13.265188,468,add_to_cart,abandoned
S_513,65,13,2024-09-24 13:56:13.265189,219,add_to_cart,abandoned
S_514,29,35,2024-09-28 13:56:13.265191,129,abandon_cart,abandoned
S_515,77,37,2024-10-04 13:56:13.265192,327,click,purchased
S_516,36,32,2024-09-26 13:56:13.265194,377,click,abandoned
S_517,44,32,2024-10-05 13:56:13.265195,269,click,purchased
S_518,6,38,2024-09-18 13:56:13.265197,493,abandon_cart,active
S_519,89,32,2024-10-02 13:56:13.265198,203,abandon_cart,abandoned
S_520,4,14,2024-10-05 13:56:13.265200,327,view,active
S_521,48,41,2024-09-20 13:56:13.265201,311,abandon_cart,abandoned
S_522,26,19,2024-10-15 13:56:13.265203,261,add_to_cart,purchased
S_523,91,13,2024-09-23 13:56:13.265214,551,add_to_cart,purchased
S_524,8,24,2024-10-10 13:56:13.265216,83,add_to_cart,active
S_525,19,21,2024-09-19 13:56:13.265218,339,abandon_cart,active
S_526,56,29,2024-10-12 13:56:13.265219,586,purchase,active
S_527,81,17,2024-10-13 13:56:13.265221,583,purchase,abandoned
S_528,26,9,2024-09-28 13:56:13.265222,468,add_to_cart,abandoned
S_529,74,6,2024-10-14 13:56:13.265224,80,add_to_cart,active
S_530,24,28,2024-09-24 13:56:13.265225,238,view,abandoned
S_531,2,21,2024-09-16 13:56:13.265227,307,add_to_cart,active
S_532,34,34,2024-09-19 13:56:13.265228,399,click,purchased
S_533,67,11,2024-10-09 13:56:13.265230,40,add_to_cart,active
S_534,55,21,2024-09-29 13:56:13.265231,387,view,purchased
S_535,90,20,2024-09-15 13:56:13.265233,236,purchase,purchased
S_536,10,39,2024-09-25 13:56:13.265234,207,view,abandoned
S_537,44,14,2024-10-03 13:56:13.265236,405,purchase,abandoned
S_538,49,20,2024-10-02 13:56:13.265237,172,view,abandoned
S_539,54,25,2024-09-19 13:56:13.265239,314,purchase,purchased
S_540,19,43,2024-09-24 13:56:13.265240,494,abandon_cart,abandoned
S_541,98,12,2024-10-10 13:56:13.265242,552,click,purchased
S_542,1,44,2024-10-07 13:56:13.265244,92,purchase,abandoned
S_543,12,22,2024-09-18 13:56:13.265245,347,view,purchased
S_544,74,40,2024-09-27 13:56:13.265247,338,add_to_cart,abandoned
S_545,74,29,2024-09-30 13:56:13.265248,160,add_to_cart,abandoned
S_546,31,10,2024-10-03 13:56:13.265250,586,click,abandoned
S_547,59,5,2024-09-28 13:56:13.265251,183,purchase,purchased
S_548,4,32,2024-10-12 13:56:13.265253,34,abandon_cart,active
S_549,75,20,2024-10-13 13:56:13.265254,109,add_to_cart,abandoned
S_550,52,19,2024-10-11 13:56:13.265256,192,purchase,purchased
S_551,84,9,2024-10-14 13:56:13.265257,277,view,abandoned
S_552,49,50,2024-09-29 13:56:13.265259,382,add_to_cart,active
S_553,48,19,2024-09-15 13:56:13.265261,63,click,purchased
S_554,75,26,2024-09-23 13:56:13.265262,474,add_to_cart,purchased
S_555,84,5,2024-10-15 13:56:13.265264,563,click,active
S_556,7,25,2024-10-12 13:56:13.265265,136,add_to_cart,purchased
S_557,88,46,2024-09-22 13:56:13.265266,285,click,purchased
S_558,38,19,2024-10-11 13:56:13.265268,551,click,abandoned
S_559,27,31,2024-09-27 13:56:13.265269,164,click,active
S_560,17,38,2024-10-03 13:56:13.265271,561,click,active
S_561,69,24,2024-09-28 13:56:13.265272,32,view,purchased
S_562,66,7,2024-09-22 13:56:13.265274,66,abandon_cart,active
S_563,64,28,2024-10-10 13:56:13.265276,329,abandon_cart,active
S_564,87,41,2024-09-24 13:56:13.265277,469,view,purchased
S_565,44,8,2024-09-16 13:56:13.265279,584,purchase,abandoned
S_566,52,16,2024-09-20 13:56:13.265280,567,abandon_cart,abandoned
S_567,64,21,2024-09-22 13:56:13.265282,33,view,purchased
S_568,96,10,2024-09-30 13:56:13.265283,107,click,active
S_569,63,20,2024-10-11 13:56:13.265285,412,add_to_cart,active
S_570,83,21,2024-10-02 13:56:13.265286,267,abandon_cart,active
S_571,10,31,2024-09-15 13:56:13.265288,395,abandon_cart,active
S_572,11,22,2024-09-28 13:56:13.265289,133,abandon_cart,purchased
S_573,42,30,2024-09-19 13:56:13.265291,250,click,abandoned
S_574,68,3,2024-09-24 13:56:13.265292,564,abandon_cart,abandoned
S_575,45,35,2024-09-29 13:56:13.265294,255,add_to_cart,abandoned
S_576,16,44,2024-10-15 13:56:13.265295,114,view,active
S_577,9,11,2024-10-10 13:56:13.265297,85,view,active
S_578,97,44,2024-09-27 13:56:13.265298,97,add_to_cart,purchased
S_579,46,43,2024-10-14 13:56:13.265300,483,purchase,active
S_580,73,27,2024-10-01 13:56:13.265301,447,purchase,active
S_581,60,37,2024-10-11 13:56:13.265303,226,view,purchased
S_582,93,30,2024-09-17 13:56:13.265304,72,add_to_cart,purchased
S_583,26,27,2024-10-09 13:56:13.265306,33,view,purchased
S_584,16,25,2024-09-27 13:56:13.265307,356,purchase,purchased
S_585,8,21,2024-09-27 13:56:13.265309,406,purchase,purchased
S_586,90,7,2024-10-06 13:56:13.265310,119,click,purchased
S_587,54,8,2024-10-07 13:56:13.265312,74,view,active
S_588,60,16,2024-10-15 13:56:13.265313,52,purchase,purchased
S_589,34,10,2024-10-14 13:56:13.265315,475,view,purchased
S_590,48,21,2024-09-16 13:56:13.265316,91,click,purchased
S_591,68,43,2024-09-26 13:56:13.265318,130,abandon_cart,active
S_592,50,27,2024-10-10 13:56:13.265319,503,purchase,purchased
S_593,90,16,2024-10-04 13:56:13.265321,488,view,abandoned
S_594,70,9,2024-09-20 13:56:13.265324,354,view,active
S_595,55,50,2024-10-14 13:56:13.265326,144,add_to_cart,purchased
S_596,42,14,2024-09-26 13:56:13.265327,259,purchase,active
S_597,1,47,2024-10-11 13:56:13.265329,533,purchase,abandoned
S_598,89,11,2024-09-26 13:56:13.265330,580,view,active
S_599,45,9,2024-09-19 13:56:13.265332,169,view,purchased
S_600,65,3,2024-09-21 13:56:13.265333,115,view,abandoned
S_601,33,3,2024-10-02 13:56:13.265335,184,add_to_cart,abandoned
S_602,72,8,2024-10-14 13:56:13.265337,475,add_to_cart,purchased
S_603,44,30,2024-10-06 13:56:13.265338,411,add_to_cart,active
S_604,30,40,2024-10-08 13:56:13.265340,454,purchase,purchased
S_605,93,14,2024-09-19 13:56:13.265341,499,purchase,active
S_606,14,47,2024-09-20 13:56:13.265343,138,click,purchased
S_607,4,10,2024-09-28 13:56:13.265344,346,abandon_cart,purchased
S_608,77,40,2024-09-26 13:56:13.265346,384,click,purchased
S_609,41,7,2024-09-16 13:56:13.265347,38,view,purchased
S_610,8,4,2024-10-07 13:56:13.265349,576,abandon_cart,abandoned
S_611,57,2,2024-09-22 13:56:13.265350,190,view,active
S_612,93,40,2024-10-09 13:56:13.265352,358,add_to_cart,purchased
S_613,1,18,2024-09-18 13:56:13.265353,565,abandon_cart,active
S_614,23,35,2024-10-01 13:56:13.265355,583,purchase,active
S_615,53,34,2024-10-03 13:56:13.265356,544,purchase,active
S_616,85,30,2024-10-09 13:56:13.265358,220,click,active
S_617,30,20,2024-09-24 13:56:13.265359,94,abandon_cart,active
S_618,70,14,2024-09-16 13:56:13.265361,91,add_to_cart,active
S_619,53,47,2024-09-16 13:56:13.265362,474,abandon_cart,active
S_620,52,21,2024-09-15 13:56:13.265364,206,add_to_cart,abandoned
S_621,67,18,2024-09-16 13:56:13.265365,410,purchase,abandoned
S_622,98,21,2024-10-03 13:56:13.265367,203,view,active
S_623,95,23,2024-10-01 13:56:13.265368,456,add_to_cart,purchased
S_624,47,1,2024-09-27 13:56:13.265370,417,add_to_cart,abandoned
S_625,88,35,2024-10-11 13:56:13.265371,96,view,purchased
S_626,45,39,2024-10-12 13:56:13.265373,70,purchase,active
S_627,13,25,2024-10-03 13:56:13.265374,333,add_to_cart,purchased
S_628,89,46,2024-09-16 13:56:13.265376,313,click,purchased
S_629,3,42,2024-09-17 13:56:13.265377,429,view,active
S_630,89,21,2024-10-06 13:56:13.265379,173,purchase,abandoned
S_631,33,12,2024-09-25 13:56:13.265380,297,abandon_cart,active
S_632,11,50,2024-10-11 13:56:13.265382,482,add_to_cart,purchased
S_633,87,7,2024-10-13 13:56:13.265383,597,add_to_cart,abandoned
S_634,88,24,2024-10-07 13:56:13.265385,488,purchase,purchased
S_635,44,4,2024-10-02 13:56:13.265386,165,view,abandoned
S_636,20,6,2024-09-17 13:56:13.265388,69,view,active
S_637,59,9,2024-10-07 13:56:13.265389,495,click,purchased
S_638,58,7,2024-10-14 13:56:13.265391,532,abandon_cart,purchased
S_639,51,25,2024-09-24 13:56:13.265392,120,purchase,active
S_640,49,25,2024-09-17 13:56:13.265394,127,view,abandoned
S_641,5,27,2024-10-04 13:56:13.265395,263,click,abandoned
S_642,1,16,2024-10-03 13:56:13.265397,141,view,active
S_643,33,5,2024-10-05 13:56:13.265398,202,abandon_cart,purchased
S_644,69,19,2024-10-01 13:56:13.265400,66,click,purchased
S_645,29,13,2024-10-11 13:56:13.265402,477,add_to_cart,abandoned
S_646,54,10,2024-10-10 13:56:13.265403,362,view,purchased
S_647,86,23,2024-10-03 13:56:13.265405,557,view,purchased
S_648,76,9,2024-09-26 13:56:13.265406,330,click,active
S_649,45,36,2024-10-06 13:56:13.265408,32,abandon_cart,purchased
S_650,4,35,2024-09-25 13:56:13.265409,296,add_to_cart,active
S_651,88,19,2024-09-20 13:56:13.265411,485,view,purchased
S_652,70,50,2024-10-03 13:56:13.265412,453,add_to_cart,purchased
S_653,48,50,2024-09-30 13:56:13.265414,544,click,abandoned
S_654,28,7,2024-09-23 13:56:13.265415,251,abandon_cart,purchased
S_655,64,35,2024-09-21 13:56:13.265417,447,purchase,active
S_656,11,18,2024-09-22 13:56:13.265418,224,add_to_cart,abandoned
S_657,11,33,2024-10-12 13:56:13.265420,394,purchase,purchased
S_658,23,6,2024-10-04 13:56:13.265421,569,purchase,abandoned
S_659,62,13,2024-10-04 13:56:13.265423,207,view,purchased
S_660,26,40,2024-10-02 13:56:13.265424,506,abandon_cart,abandoned
S_661,17,17,2024-10-08 13:56:13.265426,457,click,purchased
S_662,59,19,2024-10-04 13:56:13.265427,121,purchase,active
S_663,61,14,2024-10-07 13:56:13.265429,129,click,purchased
S_664,98,38,2024-10-13 13:56:13.265430,388,view,purchased
S_665,8,42,2024-10-08 13:56:13.265432,567,view,purchased
S_666,17,44,2024-09-26 13:56:13.265433,553,click,active
S_667,67,5,2024-09-20 13:56:13.265435,559,add_to_cart,active
S_668,1,12,2024-09-27 13:56:13.265436,559,add_to_cart,purchased
S_669,33,49,2024-09-22 13:56:13.265438,173,add_to_cart,purchased
S_670,93,15,2024-09-29 13:56:13.265439,219,add_to_cart,active
S_671,14,6,2024-10-06 13:56:13.265441,123,abandon_cart,purchased
S_672,38,44,2024-10-08 13:56:13.265442,262,add_to_cart,abandoned
S_673,40,4,2024-09-28 13:56:13.265444,344,abandon_cart,purchased
S_674,89,30,2024-10-05 13:56:13.265446,118,abandon_cart,active
S_675,97,40,2024-09-18 13:56:13.265447,586,purchase,purchased
S_676,10,29,2024-09-16 13:56:13.265449,452,add_to_cart,active
S_677,18,45,2024-10-02 13:56:13.265450,425,click,active
S_678,80,28,2024-09-22 13:56:13.265452,259,purchase,abandoned
S_679,34,33,2024-10-04 13:56:13.265453,400,add_to_cart,abandoned
S_680,95,38,2024-10-02 13:56:13.265455,405,view,active
S_681,33,8,2024-09-28 13:56:13.265456,194,view,purchased
S_682,89,35,2024-10-07 13:56:13.265458,78,add_to_cart,purchased
S_683,17,49,2024-09-24 13:56:13.265459,247,purchase,purchased
S_684,34,4,2024-10-07 13:56:13.265461,192,purchase,purchased
S_685,69,33,2024-09-15 13:56:13.265462,254,add_to_cart,abandoned
S_686,21,27,2024-10-15 13:56:13.265464,343,add_to_cart,abandoned
S_687,70,27,2024-09-17 13:56:13.265465,467,view,abandoned
S_688,3,32,2024-10-09 13:56:13.265467,584,add_to_cart,active
S_689,74,18,2024-09-26 13:56:13.265468,423,view,purchased
S_690,19,42,2024-09-24 13:56:13.265470,545,purchase,abandoned
S_691,4,47,2024-09-27 13:56:13.265472,293,click,purchased
S_692,84,42,2024-09-29 13:56:13.265473,230,add_to_cart,abandoned
S_693,28,1,2024-09-17 13:56:13.265475,414,add_to_cart,active
S_694,80,13,2024-09-16 13:56:13.265476,183,view,abandoned
S_695,3,50,2024-10-11 13:56:13.265478,270,purchase,purchased
S_696,40,43,2024-10-02 13:56:13.265479,530,purchase,active
S_697,41,27,2024-10-14 13:56:13.265481,135,click,active
S_698,42,46,2024-10-03 13:56:13.265484,540,abandon_cart,abandoned
S_699,52,22,2024-09-17 13:56:13.265487,387,purchase,active
S_700,33,26,2024-09-29 13:56:13.265489,368,view,abandoned
S_701,92,11,2024-09-24 13:56:13.265492,86,click,purchased
S_702,52,47,2024-10-14 13:56:13.265495,577,view,abandoned
S_703,76,12,2024-10-05 13:56:13.265497,139,abandon_cart,active
S_704,2,7,2024-10-10 13:56:13.265500,308,abandon_cart,active
S_705,49,42,2024-09-28 13:56:13.265502,318,add_to_cart,active
S_706,64,14,2024-09-30 13:56:13.265505,372,view,abandoned
S_707,4,16,2024-10-07 13:56:13.265508,543,purchase,abandoned
S_708,74,23,2024-09-23 13:56:13.265510,537,view,active
S_709,84,37,2024-10-11 13:56:13.265513,322,view,active
S_710,80,39,2024-10-13 13:56:13.265516,263,add_to_cart,purchased
S_711,90,20,2024-09-18 13:56:13.265518,101,click,active
S_712,15,17,2024-09-28 13:56:13.265519,381,add_to_cart,purchased
S_713,89,32,2024-10-01 13:56:13.265521,504,view,active
S_714,61,45,2024-10-09 13:56:13.265522,73,click,abandoned
S_715,68,7,2024-09-26 13:56:13.265524,599,view,active
S_716,15,7,2024-10-02 13:56:13.265525,176,add_to_cart,active
S_717,44,32,2024-09-27 13:56:13.265527,124,add_to_cart,abandoned
S_718,26,4,2024-10-12 13:56:13.265528,332,click,purchased
S_719,52,30,2024-10-03 13:56:13.265530,213,abandon_cart,purchased
S_720,36,50,2024-10-06 13:56:13.265532,356,click,active
S_721,88,22,2024-09-21 13:56:13.265533,200,purchase,active
S_722,94,36,2024-10-07 13:56:13.265535,303,add_to_cart,purchased
S_723,13,44,2024-10-15 13:56:13.265536,493,click,active
S_724,32,40,2024-10-02 13:56:13.265538,45,abandon_cart,purchased
S_725,68,26,2024-10-10 13:56:13.265539,37,abandon_cart,abandoned
S_726,17,47,2024-09-24 13:56:13.265541,545,view,abandoned
S_727,90,35,2024-09-29 13:56:13.265542,278,click,active
S_728,8,17,2024-09-24 13:56:13.265544,174,click,active
S_729,21,36,2024-09-17 13:56:13.265545,407,add_to_cart,abandoned
S_730,77,23,2024-10-07 13:56:13.265547,58,abandon_cart,purchased
S_731,43,38,2024-10-14 13:56:13.265548,56,click,abandoned
S_732,2,15,2024-09-22 13:56:13.265550,268,abandon_cart,purchased
S_733,39,36,2024-10-11 13:56:13.265551,286,abandon_cart,active
S_734,92,49,2024-10-08 13:56:13.265553,302,abandon_cart,purchased
S_735,92,2,2024-09-22 13:56:13.265554,567,add_to_cart,abandoned
S_736,74,41,2024-10-06 13:56:13.265556,71,click,purchased
S_737,55,14,2024-10-09 13:56:13.265557,341,add_to_cart,active
S_738,49,15,2024-10-08 13:56:13.265559,146,abandon_cart,purchased
S_739,34,40,2024-10-14 13:56:13.265560,128,abandon_cart,purchased
S_740,79,33,2024-09-28 13:56:13.265562,157,view,purchased
S_741,71,28,2024-09-16 13:56:13.265563,164,view,purchased
S_742,13,12,2024-09-15 13:56:13.265565,499,abandon_cart,purchased
S_743,40,32,2024-09-19 13:56:13.265567,321,click,purchased
S_744,34,9,2024-09-26 13:56:13.265568,138,click,active
S_745,6,7,2024-09-23 13:56:13.265570,393,purchase,abandoned
S_746,23,20,2024-10-13 13:56:13.265571,192,abandon_cart,active
S_747,40,21,2024-10-09 13:56:13.265573,161,purchase,purchased
S_748,10,6,2024-10-15 13:56:13.265574,384,view,purchased
S_749,8,29,2024-09-30 13:56:13.265576,502,add_to_cart,purchased
S_750,13,16,2024-09-27 13:56:13.265577,248,click,abandoned
S_751,25,3,2024-09-18 13:56:13.265579,144,add_to_cart,purchased
S_752,100,14,2024-09-29 13:56:13.265580,145,add_to_cart,abandoned
S_753,11,15,2024-09-19 13:56:13.265582,62,view,active
S_754,67,37,2024-10-15 13:56:13.265583,495,click,abandoned
S_755,96,10,2024-09-27 13:56:13.265585,413,click,abandoned
S_756,36,6,2024-10-14 13:56:13.265595,471,abandon_cart,active
S_757,24,34,2024-09-22 13:56:13.265597,550,abandon_cart,active
S_758,76,48,2024-10-09 13:56:13.265598,208,add_to_cart,active
S_759,10,3,2024-10-05 13:56:13.265600,580,click,abandoned
S_760,45,42,2024-10-15 13:56:13.265601,207,abandon_cart,purchased
S_761,25,10,2024-10-01 13:56:13.265603,574,abandon_cart,active
S_762,91,1,2024-09-18 13:56:13.265606,484,abandon_cart,active
S_763,66,20,2024-10-04 13:56:13.265608,472,add_to_cart,abandoned
S_764,68,35,2024-09-29 13:56:13.265609,218,purchase,purchased
S_765,67,5,2024-09-18 13:56:13.265611,314,click,abandoned
S_766,84,11,2024-09-28 13:56:13.265612,57,abandon_cart,purchased
S_767,91,12,2024-10-01 13:56:13.265614,567,click,abandoned
S_768,87,23,2024-09-16 13:56:13.265615,99,click,abandoned
S_769,23,23,2024-10-03 13:56:13.265617,237,abandon_cart,purchased
S_770,78,14,2024-09-18 13:56:13.265618,444,purchase,active
S_771,58,18,2024-09-28 13:56:13.265620,194,click,abandoned
S_772,49,48,2024-10-15 13:56:13.265622,319,add_to_cart,purchased
S_773,52,5,2024-09-16 13:56:13.265623,142,add_to_cart,abandoned
S_774,82,20,2024-10-07 13:56:13.265624,461,add_to_cart,active
S_775,38,50,2024-10-02 13:56:13.265626,120,view,purchased
S_776,2,14,2024-10-07 13:56:13.265627,519,view,active
S_777,61,13,2024-10-15 13:56:13.265629,116,view,abandoned
S_778,12,18,2024-09-26 13:56:13.265630,120,abandon_cart,active
S_779,67,20,2024-09-22 13:56:13.265632,533,abandon_cart,abandoned
S_780,92,29,2024-10-11 13:56:13.265633,46,add_to_cart,purchased
S_781,73,36,2024-09-22 13:56:13.265635,339,view,abandoned
S_782,81,14,2024-10-07 13:56:13.265636,345,click,abandoned
S_783,47,47,2024-09-20 13:56:13.265638,47,click,active
S_784,20,30,2024-09-16 13:56:13.265639,279,add_to_cart,active
S_785,16,30,2024-10-03 13:56:13.265641,594,click,abandoned
S_786,50,26,2024-10-08 13:56:13.265642,562,abandon_cart,active
S_787,83,28,2024-09-27 13:56:13.265644,509,abandon_cart,purchased
S_788,7,24,2024-09-16 13:56:13.265645,82,click,purchased
S_789,14,5,2024-10-12 13:56:13.265647,289,add_to_cart,abandoned
S_790,37,37,2024-09-27 13:56:13.265648,101,click,purchased
S_791,66,38,2024-09-29 13:56:13.265650,300,purchase,purchased
S_792,11,12,2024-09-26 13:56:13.265652,563,view,abandoned
S_793,30,47,2024-10-08 13:56:13.265653,153,purchase,purchased
S_794,35,27,2024-10-10 13:56:13.265655,319,add_to_cart,active
S_795,99,19,2024-10-12 13:56:13.265657,230,view,purchased
S_796,5,36,2024-09-16 13:56:13.265658,402,click,purchased
S_797,12,34,2024-09-30 13:56:13.265660,40,view,abandoned
S_798,18,24,2024-10-13 13:56:13.265661,136,add_to_cart,abandoned
S_799,33,18,2024-10-15 13:56:13.265663,158,purchase,purchased
S_800,89,7,2024-10-09 13:56:13.265664,526,purchase,active
S_801,94,3,2024-09-23 13:56:13.265665,102,click,abandoned
S_802,65,35,2024-09-17 13:56:13.265667,415,abandon_cart,purchased
S_803,66,16,2024-09-23 13:56:13.265668,63,view,active
S_804,4,15,2024-10-06 13:56:13.265670,488,click,purchased
S_805,55,44,2024-10-07 13:56:13.265671,245,click,abandoned
S_806,86,36,2024-09-18 13:56:13.265673,374,view,purchased
S_807,79,18,2024-10-14 13:56:13.265674,271,purchase,active
S_808,29,19,2024-10-01 13:56:13.265676,55,abandon_cart,abandoned
S_809,55,49,2024-10-07 13:56:13.265677,343,view,abandoned
S_810,1,36,2024-09-27 13:56:13.265679,377,purchase,active
S_811,95,46,2024-10-01 13:56:13.265680,396,abandon_cart,abandoned
S_812,80,32,2024-10-12 13:56:13.265682,44,purchase,purchased
S_813,13,13,2024-10-10 13:56:13.265683,154,click,abandoned
S_814,11,24,2024-09-22 13:56:13.265685,371,add_to_cart,purchased
S_815,20,39,2024-09-25 13:56:13.265686,121,view,abandoned
S_816,67,39,2024-10-13 13:56:13.265688,211,view,purchased
S_817,27,34,2024-09-30 13:56:13.265689,194,add_to_cart,active
S_818,48,10,2024-09-25 13:56:13.265691,281,view,active
S_819,53,5,2024-09-30 13:56:13.265692,340,view,abandoned
S_820,100,9,2024-09-16 13:56:13.265694,123,add_to_cart,active
S_821,81,5,2024-10-15 13:56:13.265696,90,add_to_cart,abandoned
S_822,26,33,2024-10-09 13:56:13.265697,320,add_to_cart,abandoned
S_823,75,31,2024-10-03 13:56:13.265698,481,abandon_cart,abandoned
S_824,76,32,2024-09-27 13:56:13.265700,503,click,active
S_825,90,25,2024-09-18 13:56:13.265701,195,abandon_cart,active
S_826,17,3,2024-10-13 13:56:13.265703,298,purchase,active
S_827,96,14,2024-10-14 13:56:13.265704,457,click,purchased
S_828,38,36,2024-10-03 13:56:13.265706,59,abandon_cart,purchased
S_829,10,15,2024-10-15 13:56:13.265707,101,view,active
S_830,92,33,2024-10-01 13:56:13.265709,200,view,purchased
S_831,31,44,2024-10-14 13:56:13.265710,363,view,purchased
S_832,60,11,2024-09-28 13:56:13.265712,171,click,purchased
S_833,96,31,2024-09-30 13:56:13.265713,466,abandon_cart,abandoned
S_834,14,33,2024-09-19 13:56:13.265715,591,view,abandoned
S_835,36,43,2024-09-24 13:56:13.265716,166,add_to_cart,active
S_836,90,14,2024-09-19 13:56:13.265718,220,view,purchased
S_837,2,11,2024-09-19 13:56:13.265719,487,view,active
S_838,34,19,2024-09-24 13:56:13.265721,51,abandon_cart,abandoned
S_839,99,33,2024-10-15 13:56:13.265723,486,purchase,abandoned
S_840,56,45,2024-09-23 13:56:13.265724,533,click,purchased
S_841,23,45,2024-09-20 13:56:13.265726,141,view,purchased
S_842,90,49,2024-09-22 13:56:13.265727,478,click,active
S_843,24,25,2024-10-11 13:56:13.265729,511,add_to_cart,purchased
S_844,76,8,2024-10-07 13:56:13.265731,330,click,purchased
S_845,75,39,2024-10-02 13:56:13.265732,407,click,active
S_846,70,6,2024-10-06 13:56:13.265734,451,click,abandoned
S_847,3,6,2024-10-10 13:56:13.265735,513,view,purchased
S_848,84,13,2024-10-01 13:56:13.265737,273,click,active
S_849,60,37,2024-10-13 13:56:13.265738,515,purchase,abandoned
S_850,4,38,2024-09-16 13:56:13.265740,447,click,abandoned
S_851,14,25,2024-10-15 13:56:13.265741,590,view,abandoned
S_852,71,44,2024-09-24 13:56:13.265743,599,click,purchased
S_853,17,43,2024-09-17 13:56:13.265744,201,add_to_cart,abandoned
S_854,74,4,2024-09-29 13:56:13.265746,229,purchase,active
S_855,16,38,2024-09-21 13:56:13.265748,77,click,purchased
S_856,66,38,2024-09-27 13:56:13.265749,557,view,abandoned
S_857,67,22,2024-09-24 13:56:13.265751,169,click,active
S_858,38,12,2024-09-29 13:56:13.265752,425,view,abandoned
S_859,21,1,2024-09-20 13:56:13.265754,292,view,purchased
S_860,45,18,2024-09-20 13:56:13.265755,218,purchase,abandoned
S_861,59,32,2024-09-20 13:56:13.265757,71,abandon_cart,abandoned
S_862,50,35,2024-09-28 13:56:13.265759,97,abandon_cart,abandoned
S_863,78,1,2024-10-12 13:56:13.265761,187,abandon_cart,abandoned
S_864,30,8,2024-09-26 13:56:13.265762,117,view,purchased
S_865,13,27,2024-10-10 13:56:13.265764,281,add_to_cart,abandoned
S_866,73,43,2024-10-09 13:56:13.265765,51,add_to_cart,abandoned
S_867,14,8,2024-10-01 13:56:13.265767,166,view,purchased
S_868,11,36,2024-10-06 13:56:13.265768,387,purchase,purchased
S_869,95,37,2024-10-08 13:56:13.265770,161,purchase,active
S_870,78,4,2024-09-20 13:56:13.265771,85,click,purchased
S_871,87,34,2024-10-08 13:56:13.265773,457,add_to_cart,purchased
S_872,81,8,2024-09-19 13:56:13.265774,355,purchase,purchased
S_873,91,29,2024-09-28 13:56:13.265776,458,view,purchased
S_874,99,14,2024-10-05 13:56:13.265777,331,add_to_cart,purchased
S_875,43,5,2024-09-29 13:56:13.265779,60,add_to_cart,active
S_876,58,7,2024-10-03 13:56:13.265781,409,view,abandoned
S_877,14,30,2024-09-15 13:56:13.265782,37,abandon_cart,purchased
S_878,35,33,2024-09-15 13:56:13.265784,144,purchase,active
S_879,8,14,2024-10-11 13:56:13.265785,356,purchase,abandoned
S_880,87,34,2024-10-02 13:56:13.265787,511,click,abandoned
S_881,54,6,2024-09-16 13:56:13.265788,71,purchase,purchased
S_882,84,43,2024-10-04 13:56:13.265790,567,view,active
S_883,68,35,2024-09-21 13:56:13.265791,599,abandon_cart,abandoned
S_884,87,17,2024-09-16 13:56:13.265793,310,abandon_cart,abandoned
S_885,32,31,2024-10-13 13:56:13.265794,373,click,purchased
S_886,43,14,2024-09-25 13:56:13.265796,273,add_to_cart,abandoned
S_887,56,50,2024-09-30 13:56:13.265797,574,view,purchased
S_888,86,15,2024-09-29 13:56:13.265799,316,purchase,abandoned
S_889,24,22,2024-10-04 13:56:13.265800,201,view,purchased
S_890,86,21,2024-10-10 13:56:13.265802,519,abandon_cart,abandoned
S_891,90,39,2024-09-17 13:56:13.265803,161,view,active
S_892,43,38,2024-10-13 13:56:13.265805,435,view,active
S_893,54,21,2024-09-20 13:56:13.265806,165,abandon_cart,active
S_894,81,18,2024-10-01 13:56:13.265808,202,add_to_cart,active
S_895,86,47,2024-10-06 13:56:13.265810,153,click,abandoned
S_896,48,10,2024-10-10 13:56:13.265811,220,view,abandoned
S_897,65,3,2024-09-19 13:56:13.265813,508,click,purchased
S_898,4,43,2024-10-04 13:56:13.265814,301,view,purchased
S_899,12,19,2024-10-10 13:56:13.265816,426,abandon_cart,active
S_900,16,50,2024-10-03 13:56:13.265817,236,abandon_cart,active
S_901,15,4,2024-09-24 13:56:13.265819,38,abandon_cart,active
S_902,92,12,2024-09-15 13:56:13.265821,144,purchase,active
S_903,52,47,2024-10-14 13:56:13.265822,203,view,abandoned
S_904,74,28,2024-10-04 13:56:13.265825,512,add_to_cart,abandoned
S_905,47,18,2024-10-09 13:56:13.265827,219,purchase,purchased
S_906,80,35,2024-09-27 13:56:13.265830,201,add_to_cart,active
S_907,55,31,2024-09-26 13:56:13.265833,522,view,active
S_908,10,48,2024-10-05 13:56:13.265835,272,purchase,abandoned
S_909,85,31,2024-10-04 13:56:13.265838,587,add_to_cart,active
S_910,36,8,2024-09-20 13:56:13.265841,375,add_to_cart,abandoned
S_911,73,27,2024-09-15 13:56:13.265844,328,view,purchased
S_912,3,32,2024-09-17 13:56:13.265845,571,view,active
S_913,28,33,2024-10-13 13:56:13.265847,280,view,purchased
S_914,16,23,2024-09-30 13:56:13.265848,74,view,active
S_915,4,24,2024-09-25 13:56:13.265850,346,add_to_cart,purchased
S_916,26,14,2024-09-15 13:56:13.265851,315,view,active
S_917,86,21,2024-09-17 13:56:13.265853,413,click,active
S_918,74,39,2024-09-29 13:56:13.265854,142,purchase,abandoned
S_919,68,39,2024-09-26 13:56:13.265856,479,purchase,purchased
S_920,37,45,2024-10-09 13:56:13.265858,276,purchase,purchased
S_921,29,29,2024-10-03 13:56:13.265859,202,click,purchased
S_922,4,45,2024-10-06 13:56:13.265861,428,click,active
S_923,51,1,2024-10-10 13:56:13.265862,95,add_to_cart,purchased
S_924,68,23,2024-09-21 13:56:13.265864,126,click,purchased
S_925,54,12,2024-09-15 13:56:13.265865,145,click,purchased
S_926,70,36,2024-09-30 13:56:13.265867,480,add_to_cart,active
S_927,99,3,2024-09-21 13:56:13.265868,428,add_to_cart,purchased
S_928,33,32,2024-09-22 13:56:13.265870,332,purchase,abandoned
S_929,1,1,2024-09-22 13:56:13.265871,259,abandon_cart,active
S_930,69,16,2024-10-09 13:56:13.265873,517,add_to_cart,abandoned
S_931,15,20,2024-10-04 13:56:13.265874,388,click,active
S_932,90,44,2024-09-25 13:56:13.265876,82,abandon_cart,purchased
S_933,62,44,2024-09-30 13:56:13.265877,408,add_to_cart,purchased
S_934,49,29,2024-10-01 13:56:13.265879,531,click,purchased
S_935,89,10,2024-09-15 13:56:13.265880,58,purchase,active
S_936,96,11,2024-10-02 13:56:13.265882,396,purchase,active
S_937,73,24,2024-09-28 13:56:13.265883,381,click,purchased
S_938,40,17,2024-09-22 13:56:13.265885,153,abandon_cart,abandoned
S_939,52,24,2024-10-14 13:56:13.265886,237,view,abandoned
S_940,42,2,2024-09-16 13:56:13.265888,70,purchase,purchased
S_941,81,12,2024-09-15 13:56:13.265889,147,view,abandoned
S_942,86,5,2024-10-10 13:56:13.265891,99,abandon_cart,purchased
S_943,74,33,2024-10-01 13:56:13.265892,187,click,purchased
S_944,37,22,2024-09-23 13:56:13.265894,318,add_to_cart,abandoned
S_945,65,12,2024-09-15 13:56:13.265896,333,view,active
S_946,25,28,2024-09-20 13:56:13.265897,592,abandon_cart,purchased
S_947,31,17,2024-10-03 13:56:13.265899,515,view,abandoned
S_948,84,50,2024-10-08 13:56:13.265900,144,view,purchased
S_949,78,35,2024-09-17 13:56:13.265902,192,click,purchased
S_950,22,45,2024-10-12 13:56:13.265903,363,purchase,abandoned
S_951,51,7,2024-09-22 13:56:13.265905,357,view,purchased
S_952,32,7,2024-10-06 13:56:13.265906,467,abandon_cart,purchased
S_953,84,46,2024-09-25 13:56:13.265908,586,click,abandoned
S_954,87,47,2024-10-09 13:56:13.265909,431,view,abandoned
S_955,39,34,2024-10-09 13:56:13.265911,526,click,abandoned
S_956,64,9,2024-09-25 13:56:13.265912,413,abandon_cart,purchased
S_957,93,29,2024-09-21 13:56:13.265914,81,abandon_cart,active
S_958,47,44,2024-10-02 13:56:13.265915,173,abandon_cart,abandoned
S_959,21,3,2024-09-23 13:56:13.265917,90,purchase,purchased
S_960,94,18,2024-09-29 13:56:13.265918,428,click,purchased
S_961,41,39,2024-09-27 13:56:13.265920,301,purchase,purchased
S_962,25,45,2024-10-08 13:56:13.265921,559,purchase,active
S_963,9,20,2024-10-06 13:56:13.265923,73,purchase,abandoned
S_964,47,27,2024-10-15 13:56:13.265924,191,view,purchased
S_965,9,6,2024-10-05 13:56:13.265926,163,add_to_cart,purchased
S_966,13,21,2024-09-26 13:56:13.265927,468,purchase,active
S_967,16,45,2024-10-14 13:56:13.265929,214,abandon_cart,purchased
S_968,78,8,2024-10-10 13:56:13.265931,161,add_to_cart,active
S_969,16,21,2024-09-29 13:56:13.265933,78,add_to_cart,active
S_970,8,29,2024-10-14 13:56:13.265934,584,abandon_cart,abandoned
S_971,87,8,2024-09-21 13:56:13.265936,137,purchase,abandoned
S_972,64,28,2024-09-19 13:56:13.265937,114,purchase,purchased
S_973,79,9,2024-10-15 13:56:13.265939,479,view,active
S_974,20,11,2024-10-01 13:56:13.265941,116,abandon_cart,abandoned
S_975,36,3,2024-10-12 13:56:13.265943,302,purchase,active
S_976,95,44,2024-09-28 13:56:13.265945,201,abandon_cart,purchased
S_977,34,23,2024-10-05 13:56:13.265946,569,add_to_cart,active
S_978,96,39,2024-09-21 13:56:13.265948,307,view,active
S_979,76,15,2024-09-28 13:56:13.265949,330,click,purchased
S_980,51,36,2024-10-02 13:56:13.265951,472,purchase,purchased
S_981,84,26,2024-10-11 13:56:13.265952,499,add_to_cart,abandoned
S_982,39,45,2024-09-23 13:56:13.265954,145,purchase,purchased
S_983,19,37,2024-09-21 13:56:13.265955,325,purchase,abandoned
S_984,56,40,2024-09-19 13:56:13.265957,222,click,purchased
S_985,88,33,2024-09-17 13:56:13.265958,38,click,purchased
S_986,92,33,2024-09-20 13:56:13.265960,449,view,purchased
S_987,71,10,2024-10-15 13:56:13.265961,278,add_to_cart,purchased
S_988,80,44,2024-09-23 13:56:13.265963,303,purchase,abandoned
S_989,83,33,2024-10-08 13:56:13.265964,188,abandon_cart,purchased
S_990,98,12,2024-09-15 13:56:13.265966,313,purchase,purchased
S_991,88,39,2024-10-06 13:56:13.265967,527,view,active
S_992,45,50,2024-10-09 13:56:13.265969,233,click,active
S_993,74,14,2024-10-15 13:56:13.265970,145,add_to_cart,active
S_994,21,1,2024-09-25 13:56:13.265972,331,purchase,active
S_995,35,34,2024-10-01 13:56:13.265973,55,abandon_cart,purchased
S_996,36,25,2024-10-06 13:56:13.265975,297,abandon_cart,active
S_997,67,30,2024-10-07 13:56:13.265976,156,add_to_cart,purchased
S_998,96,8,2024-10-09 13:56:13.265978,509,abandon_cart,active
S_999,9,43,2024-10-01 13:56:13.265979,575,click,abandoned
S_1000,74,43,2024-10-01 13:56:13.265981,208,view,active
